"continent","avg"
"South America","1047763.117647058824"
"Asia","937449.539622641509"
"North America","638282.639473684211"
"Africa","505626.466666666667"
"Europe","482461.560727272727"
"Australia/Oceania","372660.425000000000"
